,Birth Rate,CO2 Emissions,Days to Start Business,GDP,Health Exp % GDP,Health Exp/Capita,Infant Mortality Rate,Internet Usage,Life Expectancy Female,Life Expectancy Male,Mobile Phone Usage,Population 0-14,Population 15-64,Population 65+,Population Total,Population Urban,Tourism Inbound
0,0.04315384615384616,2375.7272727272725,8.11111111111111,9718945316.333334,0.0919090909090909,30.636363636363637,0.08276923076923078,0.016666666666666666,58.76923076923077,56.38461538461539,0.2545454545454545,0.4903076923076923,0.4887692307692308,0.02076923076923077,25399258.769230768,0.23292307692307693,106000000.0
1,0.014692307692307692,3902.090909090909,23.0,8895522477.461538,0.06146153846153846,168.84615384615384,0.01776923076923077,0.19230769230769232,79.23076923076923,73.0,0.5615384615384615,0.2583846153846154,0.6536923076923078,0.08792307692307692,2956845.230769231,0.4785384615384615,1165230769.2307692
2,0.02207692307692308,102837.63636363637,25.0,124393179566.25,0.038461538461538464,133.84615384615384,0.02776923076923077,0.06923076923076923,71.61538461538461,68.38461538461539,0.49230769230769234,0.2926923076923077,0.6630769230769231,0.044230769230769226,34760672.07692308,0.6451538461538462,275230769.2307692
3,0.020499999999999997,7856.454545454545,27.7,17065916293.76923,0.06076923076923077,219.3846153846154,0.020000000000000004,0.23925753476004732,75.3076923076923,69.0,0.0,0.30291626602564103,0.6446538461538462,0.05346153846153846,57525.38461538462,0.88,657038461.5384614
4,0.010583333333333333,537.6363636363636,27.7,2268380478.2222223,0.06323076923076923,2394.4615384615386,0.003,0.5166666666666667,75.3076923076923,69.0,0.7,0.30291626602564103,0.6446538461538462,0.05346153846153846,76684.07692307692,0.8974615384615384,657038461.5384614
5,0.04830769230769231,19202.090909090908,92.9,50496483906.38461,0.041692307692307695,104.53846153846153,0.11815384615384615,0.038461538461538464,50.15384615384615,47.38461538461539,0.23076923076923078,0.4775384615384616,0.49815384615384617,0.02446153846153846,17212724.307692308,0.3698461538461538,279384615.38461536
6,0.018384615384615385,418.09090909090907,22.25,1043836787.2307693,0.04630769230769231,576.0769230769231,0.010461538461538463,0.3076923076923077,77.07692307692308,72.15384615384616,1.1153846153846154,0.27676923076923077,0.6513076923076924,0.07184615384615384,83523.38461538461,0.2863076923076923,308083333.3333333
7,0.017615384615384616,159280.54545454544,31.8,335299690237.2308,0.08492307692307693,587.6153846153846,0.015000000000000001,0.2692307692307692,78.76923076923077,71.23076923076923,0.8153846153846154,0.2606153846153846,0.6357692307692309,0.10323076923076924,38995454.615384616,0.9023846153846153,3987692307.6923075
8,0.013769230769230768,4096.818181818182,14.9,6380928046.615385,0.04923076923076923,96.46153846153847,0.020153846153846154,0.12307692307692308,76.76923076923077,69.92307692307692,0.4538461538461539,0.2213846153846154,0.6696153846153846,0.10892307692307691,3007291.769230769,0.6403076923076922,274000000.0
9,0.012076923076923077,2277.2727272727275,27.7,2308638268.25,0.06076923076923077,219.3846153846154,0.020000000000000004,0.38461538461538464,76.84615384615384,72.0,0.9583333333333334,0.21515384615384617,0.6939999999999998,0.0906923076923077,98866.07692307692,0.4451538461538461,1108076923.0769231
10,0.013384615384615384,359785.8181818182,3.0,815877320924.8462,0.0863076923076923,3581.230769230769,0.004615384615384615,0.6799999999999999,83.38461538461539,78.61538461538461,0.8461538461538461,0.19646153846153844,0.673,0.13046153846153846,20784392.307692308,0.8813076923076923,23055000000.0
11,0.009384615384615384,68467.81818181818,25.0,317513032479.8461,0.10607692307692308,4117.2307692307695,0.004,0.5923076923076923,82.61538461538461,76.84615384615384,1.1538461538461537,0.15746153846153849,0.6763076923076923,0.16623076923076924,8242662.538461538,0.6582307692307693,18192000000.0
12,0.016615384615384615,36326.63636363636,47.0,29321521930.076923,0.05646153846153846,176.30769230769232,0.04323076923076923,0.21818181818181817,72.07692307692308,66.23076923076923,0.5076923076923077,0.25753846153846155,0.6818461538461539,0.06061538461538462,8581837.76923077,0.5260769230769231,523692307.6923077
13,0.015769230769230768,1625.0,27.5,7524113846.153846,0.06484615384615385,1460.3076923076924,0.01223076923076923,0.3153846153846154,76.92307692307692,70.76923076923077,0.7,0.25123076923076926,0.6853846153846154,0.06361538461538462,335092.8461538461,0.8233076923076923,2013846153.8461537
14,0.018307692307692306,19638.272727272728,9.0,18605576006.692307,0.03869230769230769,633.3076923076923,0.008692307692307692,0.38461538461538464,76.46153846153847,74.92307692307692,0.9461538461538462,0.25123076923076926,0.7267692307692308,0.022000000000000002,978816.2307692308,0.8845384615384616,1549923076.9230769
15,0.023153846153846153,41521.818181818184,44.7,72151001250.76923,0.03338461538461539,16.53846153846154,0.04876923076923077,0.015384615384615385,68.46153846153847,67.38461538461539,0.2,0.33784615384615385,0.6185384615384616,0.04376923076923077,144242873.69230768,0.27607692307692305,76076923.07692307
16,0.013,1373.8181818181818,18.0,3927830769.230769,0.0706923076923077,826.4615384615385,0.014461538461538461,0.4846153846153846,76.53846153846153,71.76923076923077,0.7923076923076924,0.20353846153846153,0.6880769230769231,0.10853846153846154,274991.3846153846,0.32776923076923076,966909090.9090909
17,0.010153846153846154,57883.72727272727,42.5,37049573898.07692,0.061153846153846156,226.69230769230768,0.007,0.22000000000000003,75.84615384615384,64.07692307692308,0.5538461538461539,0.15876923076923077,0.6995384615384614,0.1413846153846154,9662615.384615384,0.7278461538461538,479076923.0769231
18,0.01146153846153846,109065.54545454546,17.5,390488440417.1539,0.09707692307692307,3631.076923076923,0.004153846153846154,0.5923076923076923,82.15384615384616,76.46153846153847,0.9230769230769231,0.17084615384615384,0.6573846153846155,0.172,10609452.153846154,0.9742307692307691,10631153846.153847
19,0.02630769230769231,453.1818181818182,44.25,1190355166.0,0.049,206.3846153846154,0.01784615384615385,0.12727272727272726,75.46153846153847,69.15384615384616,0.38461538461538464,0.3738461538461539,0.5855384615384616,0.040461538461538465,279964.0,0.46053846153846156,213000000.0
20,0.03976923076923077,3222.909090909091,30.4,4958363475.230769,0.04492307692307692,25.46153846153846,0.073,0.0,58.92307692307692,55.92307692307692,0.2846153846153846,0.44261538461538463,0.5288461538461539,0.028538461538461537,8462722.461538462,0.40415384615384614,139923076.92307693
21,0.01276923076923077,500.8181818181818,27.7,4971666769.230769,0.06076923076923077,219.3846153846154,0.020000000000000004,0.6846153846153846,81.53846153846153,76.23076923076923,0.8666666666666667,0.30291626602564103,0.6446538461538462,0.05346153846153846,64098.0,1.0,430692307.6923077
22,0.023076923076923075,396.45454545454544,50.6,1038481336.5384616,0.05030769230769231,71.3076923076923,0.04369230769230769,0.06923076923076923,64.61538461538461,64.3076923076923,0.33999999999999997,0.33661538461538465,0.6213846153846153,0.041923076923076924,659554.6153846154,0.31323076923076926,37000000.0
23,0.028307692307692308,12768.818181818182,51.7,13851502238.846153,0.05530769230769231,77.76923076923077,0.042923076923076925,0.11538461538461539,67.23076923076923,63.0,0.38461538461538464,0.3771538461538462,0.5779230769230769,0.04484615384615384,9505036.846153846,0.6462307692307692,301307692.3076923
24,0.008769230769230769,26189.090909090908,59.9,12495081910.538462,0.08653846153846154,293.46153846153845,0.007,0.2692307692307692,77.92307692307692,73.0,0.5076923076923078,0.18523076923076923,0.6806923076923077,0.1340769230769231,3865481.6923076925,0.3924615384615385,576076923.0769231
25,0.02530769230769231,4573.454545454545,85.2,9921507330.153847,0.051923076923076926,278.0769230769231,0.04523076923076923,0.04615384615384616,47.53846153846154,47.07692307692308,0.6384615384615385,0.3567692307692308,0.6107692307692307,0.032615384615384616,1889797.1538461538,0.5524615384615384,287307692.3076923
26,0.017615384615384616,353627.1818181818,137.9,1261453965459.1538,0.08099999999999999,558.8461538461538,0.019923076923076925,0.25384615384615383,75.76923076923077,68.38461538461539,0.6153846153846154,0.2713076923076923,0.6654615384615384,0.06323076923076923,187458584.23076922,0.8309230769230769,4437692307.692307
27,0.019153846153846153,7065.818181818182,110.14285714285714,10481963583.461538,0.02669230769230769,707.9230769230769,0.007846153846153846,0.3692307692307692,79.15384615384616,75.38461538461539,0.7615384615384616,0.2827692307692308,0.6843076923076924,0.03292307692307692,373650.46153846156,0.7383076923076922,190777777.7777778
28,0.009615384615384616,46968.63636363636,28.1,34299022932.46154,0.072,324.6923076923077,0.013692307692307691,0.29230769230769227,76.3076923076923,69.46153846153847,0.9153846153846155,0.13946153846153847,0.6840769230769231,0.1763846153846154,7664209.0,0.7092307692307691,3180153846.1538463
29,0.04415384615384615,1309.3636363636363,24.2,6366696911.615385,0.065,28.153846153846153,0.082,0.0,53.92307692307692,52.30769230769231,0.16923076923076924,0.4633846153846154,0.5108461538461538,0.025692307692307695,13905644.538461538,0.22438461538461538,56636363.63636363
30,0.04384615384615384,215.36363636363637,12.5,1401955190.3846154,0.08430769230769232,13.23076923076923,0.07307692307692307,0.0,52.15384615384615,49.30769230769231,0.06153846153846154,0.45615384615384613,0.5170769230769231,0.026769230769230767,8126264.153846154,0.09653846153846153,1884615.3846153845
31,0.026307692307692306,2975.4545454545455,95.6,7923123406.846154,0.06053846153846154,33.76923076923077,0.05230769230769231,0.0,70.3076923076923,64.6923076923077,0.3076923076923077,0.35346153846153844,0.6012307692307692,0.04515384615384615,13543653.538461538,0.19315384615384618,1016461538.4615384
32,0.03984615384615385,4621.363636363636,34.0,18040279520.23077,0.049,46.23076923076923,0.07646153846153846,0.015384615384615385,53.69230769230769,51.76923076923077,0.22307692307692306,0.44146153846153846,0.5256153846153846,0.033,18691153.692307692,0.491,233769230.76923078
33,0.011,537911.5454545454,4.0,1245479914437.3076,0.10153846153846155,3825.3846153846152,0.005,0.7,82.6923076923077,78.0,0.5692307692307692,0.1753076923076923,0.6906923076923076,0.13438461538461538,32663980.230769232,0.8035384615384615,16107461538.461538
34,0.014599999999999998,528.0,27.7,17065916293.76923,0.06076923076923077,219.3846153846154,0.020000000000000004,0.575,75.3076923076923,69.0,1.3076923076923077,0.30291626602564103,0.6446538461538462,0.05346153846153846,50004.846153846156,1.0,504250000.0
35,0.03676923076923077,237.9090909090909,22.2,1545240287.2307692,0.04092307692307692,15.307692307692308,0.10792307692307693,0.0,47.61538461538461,44.30769230769231,0.08461538461538462,0.4146923076923077,0.5461538461538462,0.039538461538461536,4053495.076923077,0.3829230769230769,7090909.090909091
36,0.049,360.72727272727275,62.9,6942128945.153846,0.047538461538461536,22.307692307692307,0.09907692307692308,0.0,49.23076923076923,47.53846153846154,0.1,0.49023076923076925,0.4834615384615385,0.02630769230769231,10351910.538461538,0.21838461538461537,20666666.666666668
37,0.015076923076923078,62723.90909090909,22.7,149254399139.84616,0.07046153846153845,621.6153846153846,0.008,0.3538461538461538,81.3076923076923,75.38461538461539,0.7692307692307693,0.24400000000000002,0.6727692307692308,0.0833076923076923,16487324.538461538,0.8763076923076922,1961769230.7692308
38,0.012307692307692308,5673742.090909091,40.2,3615966687132.846,0.048,132.07692307692307,0.019692307692307693,0.16923076923076924,75.38461538461539,72.76923076923077,0.3923076923076923,0.20646153846153847,0.7156153846153845,0.07792307692307691,1309264615.3846154,0.43846153846153846,35368769230.76923
39,0.021,62058.72727272727,32.8,191941282513.3846,0.06215384615384616,273.38461538461536,0.017923076923076924,0.2,76.3076923076923,68.84615384615384,0.5692307692307692,0.3038461538461539,0.643846153846154,0.05238461538461539,43829231.615384616,0.7386923076923076,2035461538.4615386
40,0.03823076923076923,109.72727272727273,22.0,417708701.53846157,0.03969230769230769,26.76923076923077,0.06784615384615385,0.02307692307692308,60.69230769230769,57.84615384615385,0.13999999999999999,0.41746153846153844,0.5526153846153847,0.029923076923076924,619106.0769230769,0.2794615384615385,24916666.666666668
41,0.045538461538461535,2201.6363636363635,116.5,15876221922.538462,0.05815384615384615,10.846153846153847,0.10230769230769231,0.0,49.53846153846154,46.46153846153846,0.10769230769230768,0.45961538461538465,0.5120769230769231,0.028,55848671.384615384,0.37984615384615383,7587500.0
42,0.03884615384615385,1318.4545454545455,99.0,7765814005.461538,0.02453846153846154,49.69230769230769,0.05730769230769231,0.02307692307692308,56.23076923076923,53.61538461538461,0.3923076923076923,0.42153846153846153,0.5436923076923077,0.034923076923076925,3686305.3076923075,0.6142307692307691,31587500.0
43,0.01730769230769231,7132.0,68.5,25865073684.0,0.08515384615384615,514.9230769230769,0.009384615384615384,0.2692307692307692,81.0,76.38461538461539,0.3923076923076923,0.2743076923076923,0.6652307692307692,0.06053846153846154,4382849.307692308,0.6676923076923077,1895846153.8461537
44,0.03692307692307692,6833.181818181818,43.4,17948124873.384617,0.061153846153846156,62.07692307692308,0.08653846153846154,0.0,48.76923076923077,47.23076923076923,0.37692307692307697,0.4206153846153846,0.5494615384615386,0.029923076923076924,17796443.692307692,0.4766153846153846,104727272.72727273
45,0.009538461538461539,22300.0,20.3,46814333238.92308,0.0713846153846154,770.0,0.005615384615384615,0.36153846153846153,79.0,72.15384615384616,0.8384615384615385,0.15946153846153846,0.6709230769230771,0.16984615384615387,4410195.923076923,0.5668461538461538,7462538461.538462
46,0.011153846153846153,27902.81818181818,27.7,48281660833.333336,0.08446153846153846,402.0769230769231,0.005538461538461539,0.10769230769230768,80.0,76.0,0.03076923076923077,0.1906153846153846,0.696076923076923,0.11323076923076923,11258008.153846154,0.7616923076923078,2219538461.5384617
47,0.013428571428571429,7856.454545454545,27.7,17065916293.76923,0.06076923076923077,219.3846153846154,0.020000000000000004,0.23925753476004732,79.6,72.2,1.375,0.21376923076923077,0.6643846153846155,0.12184615384615385,139921.23076923078,0.9038461538461539,340538461.53846157
48,0.01223076923076923,7608.363636363636,8.0,18121408073.46154,0.06623076923076923,1537.6923076923076,0.004,0.38461538461538464,80.92307692307692,76.6923076923077,0.7153846153846154,0.19592307692307692,0.6946923076923077,0.10969230769230769,1043033.5384615385,0.6809999999999999,2567230769.230769
49,0.010076923076923077,119879.27272727272,26.1,146416234882.23077,0.07,1006.0,0.004230769230769231,0.4461538461538461,79.61538461538461,73.38461538461539,1.0692307692307692,0.14915384615384614,0.7050769230769232,0.14576923076923076,10316804.153846154,0.7353846153846154,6137461538.461538
50,0.011692307692307693,49274.181818181816,6.2,262426388485.07693,0.10069230769230769,4910.615384615385,0.003923076923076923,0.7769230769230769,80.38461538461539,76.0,1.0384615384615385,0.1839230769230769,0.659076923076923,0.157,5454931.692307692,0.8607692307692307,5409538461.538462
51,0.028923076923076923,463.3636363636364,37.0,865215746.6923077,0.07246153846153845,76.3076923076923,0.0693076923076923,0.02307692307692308,60.23076923076923,57.23076923076923,0.09230769230769233,0.3690769230769231,0.5966153846153847,0.03430769230769231,789002.4615384615,0.7681538461538462,11115384.615384616
52,0.014333333333333332,119.0909090909091,13.125,403364401.0769231,0.052000000000000005,297.15384615384613,0.012153846153846154,0.34615384615384615,79.0,75.0,0.8769230769230769,0.30291626602564103,0.6446538461538462,0.05346153846153846,70591.23076923077,0.6691538461538461,71461538.46153846
53,0.02323076923076923,20600.545454545456,41.1,37520339898.15385,0.05607692307692307,212.53846153846155,0.028538461538461537,0.17692307692307693,75.07692307692308,68.92307692307692,0.5153846153846154,0.3267692307692308,0.6160769230769231,0.057076923076923074,9476139.153846154,0.6868461538461539,3674076923.076923
54,0.023153846153846153,27944.909090909092,68.0,48637821955.07692,0.06084615384615385,219.3846153846154,0.023615384615384614,0.13076923076923078,77.76923076923077,72.0,0.5615384615384615,0.3236153846153846,0.6191538461538462,0.05730769230769231,14017736.0,0.6186153846153846,608384615.3846154
55,0.024153846153846154,166408.81818181818,16.5,141866184882.23077,0.05223076923076923,92.3076923076923,0.025384615384615387,0.16153846153846155,72.07692307692308,67.38461538461539,0.4230769230769231,0.3269230769230769,0.6183846153846153,0.054538461538461536,73163265.92307693,0.42976923076923074,8250538461.538462
56,0.02153846153846154,6374.454545454545,40.3,18331600000.0,0.07076923076923078,209.23076923076923,0.01953846153846154,0.07692307692307693,75.61538461538461,66.23076923076923,0.6923076923076923,0.34784615384615386,0.5886923076923076,0.06346153846153847,6110102.846153846,0.6216153846153846,652769230.7692307
57,0.03776923076923077,4348.0,135.25,8076435539.230769,0.02969230769230769,458.15384615384613,0.08476923076923078,0.02307692307692308,51.0,48.46153846153846,0.2692307692307692,0.4052307692307692,0.5626923076923076,0.032,623601.7692307692,0.38992307692307693,9500000.0
58,0.03930769230769231,607.9090909090909,83.0,1449888909.6153846,0.03292307692307692,8.692307692307692,0.04630769230769231,0.0,61.46153846153846,56.76923076923077,0.011111111111111112,0.4401538461538461,0.5398461538461539,0.02,5023424.692307692,0.19307692307692306,58900000.0
59,0.010846153846153846,16579.363636363636,25.6,15458092841.23077,0.054538461538461536,639.7692307692307,0.005538461538461538,0.5846153846153845,78.61538461538461,67.76923076923077,1.0538461538461539,0.15869230769230772,0.6736923076923078,0.16776923076923078,1353501.5384615385,0.6860769230769231,1217384615.3846154
60,0.038307692307692306,5520.272727272727,22.8,19291131748.615383,0.04415384615384615,9.923076923076923,0.06653846153846153,0.0,58.84615384615385,56.61538461538461,0.038461538461538464,0.45561538461538464,0.5126153846153846,0.03184615384615385,78504633.38461539,0.16138461538461538,858076923.0769231
61,0.013,749.2727272727273,27.7,1724680290.4,0.06076923076923077,219.3846153846154,0.020000000000000004,0.676923076923077,82.84615384615384,77.6923076923077,0.9230769230769231,0.30291626602564103,0.6446538461538462,0.05346153846153846,48802.38461538462,0.3954615384615385,657038461.5384614
62,0.02292307692307692,1086.7272727272727,47.0,2870358465.3076925,0.037384615384615384,128.0,0.02007692307692308,0.13076923076923078,71.53846153846153,65.92307692307692,0.4461538461538461,0.3093846153846154,0.6479230769230769,0.04261538461538462,835714.6923076923,0.5026923076923077,661307692.3076923
63,0.011,60186.545454545456,15.7,203260125686.6154,0.08315384615384615,3251.6923076923076,0.002923076923076923,0.7230769230769231,82.61538461538461,75.92307692307692,1.169230769230769,0.1719230769230769,0.6656923076923077,0.1623846153846154,5278842.307692308,0.8303076923076922,3642307692.3076925
64,0.013,377383.45454545453,10.4,2180705210596.2307,0.11023076923076923,3824.5384615384614,0.004,0.5307692307692308,84.38461538461539,77.23076923076923,0.7846153846153846,0.18523076923076923,0.6496153846153846,0.16530769230769232,63456839.0,0.7736153846153846,53666153846.15385
65,0.018153846153846152,805.7272727272727,27.7,3447543138.0,0.06076923076923077,219.3846153846154,0.020000000000000004,0.27692307692307694,77.0,72.0,0.5384615384615384,0.27015384615384613,0.6744615384615386,0.05546153846153846,256764.61538461538,0.5633076923076923,536900000.0
66,0.033,1666.4545454545455,57.0,10511846949.76923,0.03338461538461539,238.30769230769232,0.048692307692307694,0.05384615384615385,61.92307692307692,59.69230769230769,0.7,0.39384615384615385,0.5504615384615386,0.055615384615384615,1419513.4615384615,0.8366923076923076,65500000.0
67,0.044,353.27272727272725,27.625,755622649.2307693,0.044461538461538455,22.53846153846154,0.05623076923076923,0.05384615384615385,58.23076923076923,55.76923076923077,0.4153846153846154,0.45953846153846156,0.515,0.025461538461538463,1492625.3076923077,0.5303076923076924,73900000.0
68,0.013000000000000001,5066.818181818182,11.1,8355422427.0,0.08730769230769231,170.07692307692307,0.02107692307692308,0.12307692307692308,76.6923076923077,69.38461538461539,0.46923076923076923,0.18707692307692309,0.6726923076923078,0.1403076923076923,4398326.923076923,0.5262307692307693,482230769.2307692
69,0.008384615384615384,802935.0,25.8,2861327982321.923,0.109,3809.3846153846152,0.0038461538461538464,0.6538461538461539,82.0,76.61538461538461,0.976923076923077,0.1423076923076923,0.6664615384615384,0.19115384615384615,82094264.53846154,0.7369230769230769,40973461538.46154
70,0.03330769230769231,7856.454545454545,15.6,19758803647.46154,0.054615384615384614,45.92307692307692,0.058076923076923075,0.03076923076923077,60.07692307692308,58.15384615384615,0.3384615384615385,0.3995384615384615,0.5667692307692308,0.033538461538461545,22011626.615384616,0.48000000000000004,714846153.8461539
71,0.009923076923076923,95056.0,27.0,240267298756.53845,0.09261538461538461,2029.8461538461538,0.004923076923076923,0.30000000000000004,82.15384615384616,77.07692307692308,0.9538461538461539,0.14607692307692305,0.6700769230769231,0.18407692307692305,11081065.076923076,0.7481538461538461,13002076923.076923
72,0.01553846153846154,582.3636363636364,27.7,1496476309.7,0.06076923076923077,219.3846153846154,0.020000000000000004,0.5384615384615384,71.72727272727273,66.63636363636364,0.7692307692307693,0.30291626602564103,0.6446538461538462,0.05346153846153846,56642.692307692305,0.8325384615384616,657038461.5384614
73,0.019,224.45454545454547,18.125,684605634.0769231,0.06346153846153846,416.38461538461536,0.012461538461538461,0.19230769230769232,74.0,69.15384615384616,0.5923076923076923,0.30053846153846153,0.6240769230769231,0.07507692307692307,103373.15384615384,0.35853846153846153,102230769.23076923
74,0.019230769230769232,7856.454545454545,27.7,17065916293.76923,0.06076923076923077,219.3846153846154,0.020000000000000004,0.4230769230769231,79.61538461538461,74.38461538461539,0.38,0.28907692307692306,0.6454615384615384,0.06553846153846153,158477.15384615384,0.937,657038461.5384614
75,0.034076923076923074,11434.545454545454,36.6,31727656760.307693,0.06638461538461539,159.3846153846154,0.032692307692307694,0.07692307692307693,73.38461538461539,66.38461538461539,0.6923076923076923,0.427,0.5303076923076924,0.043,13049234.153846154,0.4761538461538461,936076923.0769231
76,0.03969230769230769,1257.8181818181818,39.5,3874152080.0,0.05823076923076923,22.615384615384617,0.08315384615384615,0.0,53.76923076923077,52.92307692307692,0.17500000000000002,0.4338461538461538,0.5334615384615385,0.032461538461538465,9930034.923076924,0.33269230769230773,3775000.0
77,0.03984615384615385,200.63636363636363,185.75,637219473.2307693,0.058923076923076925,26.0,0.09407692307692309,0.0,54.0,51.53846153846154,0.26,0.42615384615384616,0.5441538461538462,0.029615384615384616,1458308.076923077,0.4176153846153846,10620000.0
78,0.021846153846153845,1553.090909090909,33.22222222222222,1486010076.0,0.05738461538461538,113.53846153846153,0.034923076923076925,0.2,67.92307692307692,61.76923076923077,0.43076923076923074,0.3666153846153846,0.5961538461538461,0.03746153846153846,767622.0769230769,0.2835384615384615,54461538.461538464
79,0.028384615384615383,1988.6363636363637,171.5,5150477651.923077,0.05938461538461538,33.15384615384615,0.06576923076923077,0.06923076923076923,61.76923076923077,58.30769230769231,0.2,0.37753846153846154,0.580076923076923,0.04246153846153847,9381073.846153846,0.45530769230769236,155000000.0
80,0.028538461538461537,7178.0,32.7,11741643106.923077,0.07953846153846154,131.23076923076923,0.025076923076923077,0.08461538461538462,74.3076923076923,69.46153846153847,0.49230769230769234,0.3913076923076923,0.566923076923077,0.04161538461538462,7055970.692307692,0.4916153846153846,486076923.0769231
81,0.00976923076923077,38617.454545454544,8.4,199824350679.23077,0.06076923076923077,219.3846153846154,0.020000000000000004,0.5769230769230769,85.38461538461539,79.23076923076923,1.4615384615384615,0.14038461538461539,0.7371538461538462,0.12230769230769231,6877330.769230769,1.0,17933769230.76923
82,0.009615384615384616,55609.545454545456,21.8,106179850300.15384,0.07853846153846153,834.1538461538462,0.007230769230769231,0.43076923076923074,77.46153846153847,69.3076923076923,0.9384615384615385,0.15446153846153846,0.6854615384615385,0.16,10073924.461538462,0.6698461538461539,5256307692.307693
83,0.014538461538461538,2160.2727272727275,5.0,13250470624.461538,0.09584615384615384,4180.0,0.0023846153846153848,0.8153846153846154,83.3076923076923,79.76923076923077,1.0153846153846156,0.21853846153846154,0.6624615384615384,0.11884615384615384,303158.23076923075,0.9313846153846155,617076923.0769231
84,0.023,1507000.7272727273,46.2,1068713796655.2307,0.04115384615384616,37.07692307692308,0.05423076923076923,0.03076923076923077,65.84615384615384,62.84615384615385,0.23846153846153845,0.318,0.6341538461538462,0.047846153846153844,1141590576.0769231,0.29584615384615387,9465461538.461538
85,0.020692307692307694,352875.36363636365,95.8,429004623687.2308,0.026538461538461542,51.15384615384615,0.03246153846153846,0.04615384615384616,71.07692307692308,67.07692307692308,0.4230769230769231,0.3000769230769231,0.6510769230769231,0.04892307692307692,227817153.53846154,0.4673076923076923,6297923076.923077
86,0.01853846153846154,479883.9090909091,21.7,269623709383.15384,0.057,265.38461538461536,0.021,0.1,73.46153846153847,70.3076923076923,0.3384615384615385,0.2675384615384615,0.6837692307692307,0.048692307692307694,71064178.23076923,0.680923076923077,1654833333.3333333
87,0.033846153846153845,94832.63636363637,36.666666666666664,114851433549.66667,0.03230769230769231,85.76923076923077,0.032461538461538465,0.016666666666666666,72.53846153846153,66.61538461538461,0.41818181818181815,0.4178461538461538,0.5476923076923078,0.03430769230769231,28097287.615384616,0.6883076923076923,745909090.9090909
88,0.015615384615384616,42888.27272727273,14.2,191613750646.69232,0.07915384615384614,3635.5384615384614,0.004384615384615384,0.5,81.53846153846153,76.92307692307692,0.9923076923076923,0.21092307692307694,0.676846153846154,0.11223076923076923,4250146.538461538,0.6074615384615385,7055692307.692307
89,0.011000000000000001,7856.454545454545,27.7,2565965616.125,0.06076923076923077,219.3846153846154,0.020000000000000004,0.23925753476004732,82.0,75.0,0.5708465576569025,0.30291626602564103,0.6446538461538462,0.05346153846153846,81109.84615384616,0.5192307692307693,657038461.5384614
90,0.021461538461538462,65561.63636363637,20.1,171722846634.84616,0.07607692307692307,1743.923076923077,0.004384615384615384,0.41538461538461535,82.53846153846153,80.15384615384616,1.1153846153846154,0.27669230769230774,0.6213076923076923,0.10184615384615385,7081146.153846154,0.9157692307692309,4273846153.8461537
91,0.009538461538461539,450547.9090909091,11.3,1782520853423.923,0.08692307692307691,2650.3846153846152,0.0038461538461538464,0.3923076923076923,84.15384615384616,78.46153846153847,1.2615384615384615,0.14107692307692307,0.6623846153846155,0.1964615384615385,58203399.76923077,0.6786153846153847,38430307692.30769
92,0.016846153846153848,10593.272727272728,12.4,11653530259.461538,0.05007692307692308,217.3846153846154,0.017538461538461537,0.16923076923076924,74.6923076923077,69.15384615384616,0.7692307692307693,0.3058461538461538,0.6171538461538462,0.07699999999999999,2652303.769230769,0.5299230769230769,1879846153.8461537
93,0.008769230769230769,1212235.4545454546,24.6,4795284278596.692,0.08592307692307692,3268.153846153846,0.0026923076923076926,0.6538461538461539,85.61538461538461,78.92307692307692,0.8,0.13753846153846155,0.6567692307692308,0.20569230769230767,127564151.76923077,0.8625384615384616,11806076923.076923
94,0.02976923076923077,19204.272727272728,21.1,17341003037.23077,0.091,265.53846153846155,0.019923076923076925,0.16923076923076924,74.3076923076923,71.3076923076923,0.6615384615384615,0.37100000000000005,0.5965384615384616,0.032538461538461544,5543076.923076923,0.8142307692307693,2511153846.1538463
95,0.01946153846153846,185149.36363636365,21.7,90031370897.76923,0.039384615384615386,230.07692307692307,0.026769230769230767,0.12307692307692308,72.46153846153847,61.84615384615385,0.6846153846153846,0.2540769230769231,0.6753846153846155,0.07076923076923078,15530655.692307692,0.5452307692307693,983461538.4615384
96,0.038,9556.454545454546,42.1,23578258619.846153,0.04469230769230769,27.923076923076923,0.05923076923076923,0.08461538461538462,57.46153846153846,54.92307692307692,0.2769230769230769,0.42953846153846154,0.5436153846153846,0.02692307692307692,36935407.615384616,0.22076923076923077,1124692307.6923077
97,0.025,47.54545454545455,29.0,114530972.76923077,0.1046923076923077,129.84615384615384,0.049923076923076924,0.04615384615384616,69.46153846153847,63.84615384615385,0.038461538461538464,0.3628461538461539,0.6006153846153846,0.03669230769230769,91835.38461538461,0.4359230769230769,2985714.285714286
98,0.015461538461538462,77443.09090909091,27.7,17065916293.76923,0.06076923076923077,219.3846153846154,0.029,0.23925753476004732,71.53846153846153,64.38461538461539,0.025,0.24169230769230768,0.6817692307692309,0.07646153846153846,23894324.076923076,0.5988461538461538,657038461.5384614
99,0.009923076923076923,484221.36363636365,14.2,892741223248.4615,0.06038461538461538,1073.6153846153845,0.004538461538461539,0.7153846153846154,82.23076923076923,75.46153846153847,0.8615384615384615,0.18346153846153845,0.7205384615384615,0.09607692307692309,48486079.692307696,0.8118461538461539,11052692307.692308
100,0.019692307692307693,7856.454545454545,55.0,4361143517.615385,0.06076923076923077,219.3846153846154,0.020000000000000004,0.23925753476004732,71.23076923076923,66.92307692307692,0.5708465576569025,0.275,0.659,0.067,1734836.3076923077,0.5629525765496639,657038461.5384614
101,0.02153846153846154,69483.90909090909,34.4,94785585406.38461,0.02769230769230769,953.5384615384615,0.01,0.34615384615384615,74.76923076923077,72.92307692307692,0.8076923076923077,0.2541538461538462,0.7174615384615385,0.02846153846153846,2495051.4615384615,0.982,495769230.7692308
102,0.023076923076923075,5363.0,16.1,3473452530.6923075,0.060153846153846155,41.84615384615385,0.032846153846153844,0.1076923076923077,72.6923076923077,64.76923076923077,0.4461538461538461,0.3156153846153846,0.6330769230769231,0.05123076923076923,5223330.769230769,0.35307692307692307,290692307.6923077
103,0.02876923076923077,1428.3636363636363,113.9,4319874101.692307,0.03823076923076923,24.76923076923077,0.06823076923076923,0.03076923076923077,66.23076923076923,63.61538461538461,0.25384615384615383,0.3960769230769231,0.5667692307692308,0.037,5953206.076923077,0.2857692307692308,218000000.0
104,0.009538461538461539,7153.181818181818,16.0,19658403211.923077,0.06407692307692307,567.6923076923077,0.010692307692307694,0.46923076923076923,77.46153846153847,66.76923076923077,0.8,0.15176923076923077,0.6765384615384615,0.17184615384615384,2210309.6153846155,0.6784615384615384,643769230.7692307
105,0.014692307692307692,16940.81818181818,27.7,26771153565.53846,0.08484615384615385,543.7692307692307,0.011846153846153847,0.23076923076923078,79.38461538461539,75.46153846153847,0.38461538461538464,0.26346153846153847,0.6587692307692308,0.0776923076923077,3956966.076923077,0.8670000000000001,5414846153.846154
106,0.029,17.25,61.4,1466401648.0769231,0.08469230769230769,68.23076923076923,0.08069230769230769,0.0,46.0,45.53846153846154,0.25384615384615383,0.39184615384615384,0.5636153846153846,0.04461538461538461,1946006.6153846155,0.22715384615384615,26307692.307692308
107,0.039538461538461536,607.2727272727273,31.285714285714285,839275813.5384616,0.09953846153846155,26.0,0.08146153846153846,0.0,57.0,55.30769230769231,0.1769230769230769,0.4327692307692308,0.5365384615384616,0.03053846153846154,3474571.0,0.4640769230769231,113250000.0
108,0.022384615384615385,53616.181818181816,35.0,50673131305.84615,0.03415384615384615,282.15384615384613,0.018615384615384614,0.03333333333333333,75.61538461538461,72.0,0.7615384615384616,0.3067692307692308,0.6499230769230769,0.04315384615384615,5685191.846153846,0.7707692307692308,177454545.45454547
109,0.010769230769230769,7856.454545454545,27.7,3619454846.6,0.06076923076923077,219.3846153846154,0.020000000000000004,0.6692307692307692,83.46153846153847,78.38461538461539,0.7538461538461539,0.30291626602564103,0.6446538461538462,0.05346153846153846,34972.92307692308,0.147,657038461.5384614
110,0.010076923076923077,13568.545454545454,24.6,29331355147.615383,0.06469230769230769,572.3846153846154,0.007461538461538462,0.4153846153846154,78.15384615384616,66.53846153846153,1.146153846153846,0.16807692307692307,0.6816153846153846,0.1503846153846154,3269519.769230769,0.6675384615384616,957615384.6153846
111,0.01176923076923077,10297.454545454546,22.714285714285715,40548723379.23077,0.07507692307692307,6330.615384615385,0.0026923076923076926,0.676923076923077,82.38461538461539,76.84615384615384,1.2461538461538462,0.18315384615384614,0.675,0.14207692307692307,476476.3076923077,0.8690769230769231,3577615384.6153846
112,0.008615384615384615,1500.6363636363637,27.7,17864999137.923077,0.06076923076923077,219.3846153846154,0.020000000000000004,0.4076923076923077,81.23076923076923,76.61538461538461,1.4076923076923078,0.16676923076923078,0.7600769230769231,0.07315384615384615,487029.6153846154,1.0,15646076923.076923
113,0.01146153846153846,11384.09090909091,19.8,6942291980.0,0.07861538461538461,251.23076923076923,0.011153846153846153,0.33076923076923076,76.6923076923077,71.92307692307692,0.6384615384615385,0.19369230769230766,0.6946153846153845,0.11161538461538462,2088441.1538461538,0.5751538461538461,158000000.0
114,0.03746153846153846,1761.8181818181818,21.4,6687863353.384615,0.04715384615384615,16.076923076923077,0.053538461538461535,0.0,62.92307692307692,60.15384615384615,0.14615384615384616,0.444,0.5269230769230769,0.029,18899050.153846152,0.29707692307692307,338272727.27272725
115,0.04230769230769231,991.3636363636364,39.7,3482228564.1538463,0.0743846153846154,19.384615384615383,0.0706923076923077,0.0,50.15384615384615,50.07692307692308,0.0923076923076923,0.4593076923076923,0.5098461538461538,0.030461538461538464,13439581.692307692,0.1516153846153846,46384615.384615384
116,0.019230769230769232,173934.9090909091,24.6,176708745156.6154,0.03576923076923077,239.23076923076923,0.007307692307692308,0.4846153846153846,76.15384615384616,71.6923076923077,0.7923076923076924,0.29846153846153844,0.6571538461538462,0.044538461538461534,26335985.846153848,0.674,13232230769.23077
117,0.022076923076923074,799.2727272727273,9.4,1415759217.5384614,0.06723076923076923,317.84615384615387,0.019153846153846153,0.16153846153846155,75.46153846153847,73.23076923076923,0.8461538461538461,0.3402307692307692,0.6136923076923076,0.04576923076923077,303973.46153846156,0.3503076923076923,1070769230.7692307
118,0.04792307692307692,571.9090909090909,24.6,6485984192.076923,0.06492307692307693,33.38461538461539,0.09538461538461539,0.0,51.69230769230769,52.15384615384615,0.25384615384615383,0.46453846153846157,0.5045384615384616,0.03084615384615385,12418844.384615384,0.32892307692307693,184833333.33333334
119,0.009923076923076923,2513.6363636363635,40.0,6600136493.615385,0.08284615384615385,1354.1538461538462,0.006,0.43076923076923074,81.84615384615384,77.38461538461539,0.8384615384615385,0.17292307692307693,0.6941538461538461,0.1326923076923077,404474.07692307694,0.938,1053230769.2307693
120,0.035,90.36363636363636,17.0,142345639.0,0.18038461538461537,505.46153846153845,0.032538461538461544,0.03076923076923077,68.0,63.0,0.0,0.30291626602564103,0.6446538461538462,0.05346153846153846,52234.692307692305,0.7017692307692307,4100000.0
121,0.03646153846153846,1712.5454545454545,48.8,2640850782.3076925,0.05307692307692307,35.92307692307692,0.07315384615384615,0.007692307692307693,62.0,59.0,0.40769230769230774,0.41407692307692306,0.5543076923076924,0.031461538461538464,3243018.230769231,0.5376153846153846,657038461.5384614
122,0.014153846153846154,3460.6363636363635,19.444444444444443,7505990190.538462,0.04523076923076923,287.6923076923077,0.014,0.2,76.15384615384616,69.0,0.6461538461538462,0.23299999999999998,0.6972307692307692,0.06992307692307692,1247018.4615384615,0.41423076923076924,1310384615.3846154
123,0.021384615384615387,425271.63636363635,28.0,916346224579.3846,0.05838461538461538,495.9230769230769,0.016615384615384615,0.2076923076923077,78.23076923076923,73.38461538461539,0.5,0.3173076923076923,0.6274615384615385,0.055,112249173.15384616,0.7658461538461538,11953615384.615385
124,0.026000000000000002,124.81818181818181,16.0,263655370.92307693,0.11284615384615385,287.7692307692308,0.03623076923076923,0.12307692307692308,68.76923076923077,67.38461538461539,0.20909090909090908,0.383,0.5781538461538461,0.03892307692307692,105451.84615384616,0.223,21916666.666666668
125,0.012,4437.181818181818,20.8,3955064032.076923,0.09853846153846155,118.76923076923077,0.018615384615384614,0.17692307692307693,71.92307692307692,64.07692307692308,0.43076923076923074,0.19053846153846152,0.6996923076923077,0.10953846153846153,3591192.5384615385,0.4524615384615385,170461538.46153846
126,0.022505107163602312,7856.454545454545,27.7,4562070738.333333,0.038615384615384614,5125.7692307692305,0.0036153846153846154,0.6230769230769231,75.3076923076923,69.0,0.5769230769230769,0.30291626602564103,0.6446538461538462,0.05346153846153846,34637.61538461538,1.0,657038461.5384614
127,0.021,9190.09090909091,13.6,4080918803.6923075,0.05923076923076923,93.46153846153847,0.03630769230769231,0.07777777777777778,69.23076923076923,61.76923076923077,0.4846153846153846,0.2937692307692308,0.6686923076923077,0.03746153846153846,2574982.3076923075,0.6344615384615384,227923076.92307693
128,0.012615384615384615,2307.8333333333335,15.857142857142858,2861162161.3076925,0.07761538461538461,344.84615384615387,0.008846153846153847,0.36666666666666664,76.53846153846153,71.46153846153847,1.511111111111111,0.20076923076923076,0.6746153846153847,0.12461538461538463,616422.9230769231,0.6192307692307693,810333333.3333334
129,0.02107692307692308,44026.545454545456,14.4,68313407982.46154,0.053769230769230764,122.53846153846153,0.03430769230769231,0.23076923076923078,71.0,67.6923076923077,0.5692307692307692,0.304,0.6465384615384616,0.04930769230769231,30471365.307692308,0.557923076923077,6154692307.692307
130,0.04276923076923077,2031.4545454545455,69.2,7724966082.307693,0.06146153846153846,21.384615384615383,0.08746153846153847,0.0,49.46153846153846,47.07692307692308,0.13076923076923078,0.448,0.5201538461538462,0.03207692307692308,21641399.384615384,0.3020769230769231,159923076.92307693
131,0.018923076923076924,10506.90909090909,72.0,17065916293.76923,0.020615384615384615,8.538461538461538,0.04953846153846154,0.0,65.6923076923077,61.61538461538461,0.007692307692307693,0.27799999999999997,0.6725384615384615,0.04953846153846154,50566515.92307692,0.2953076923076923,117333333.33333333
132,0.028846153846153848,2385.6363636363635,78.9,7741592266.615385,0.0713846153846154,272.61538461538464,0.04353846153846154,0.038461538461538464,60.53846153846154,55.76923076923077,0.4230769230769231,0.39061538461538464,0.5756153846153846,0.033615384615384616,2064847.6153846155,0.3772307692307692,424583333.3333333
133,0.027076923076923075,3093.6363636363635,30.6,10627117668.0,0.05653846153846154,23.153846153846153,0.04515384615384615,0.02307692307692308,66.23076923076923,64.15384615384616,0.14615384615384613,0.3867692307692308,0.5684615384615385,0.04469230769230769,25502833.307692308,0.1553076923076923,273153846.15384614
134,0.011692307692307693,172155.72727272726,8.0,655199453113.0769,0.10515384615384615,4328.0,0.004461538461538462,0.7538461538461539,81.92307692307692,77.53846153846153,1.0307692307692309,0.181,0.6736923076923078,0.14507692307692308,16362675.307692308,0.8317692307692308,16756307692.307692
135,0.017538461538461537,2777.2727272727275,27.7,2682347064.0,0.06076923076923077,219.3846153846154,0.020000000000000004,0.3230769230769231,79.3076923076923,72.23076923076923,0.6307692307692307,0.25946153846153847,0.6635384615384616,0.07715384615384616,236512.61538461538,0.6484615384615384,148833333.33333334
136,0.014307692307692308,33506.0,6.5,111479842210.6923,0.08846153846153845,2306.923076923077,0.005384615384615385,0.6692307692307692,82.0,77.84615384615384,0.8615384615384616,0.21384615384615382,0.6624615384615384,0.12361538461538461,4164530.769230769,0.8603846153846154,4475153846.153846
137,0.02530769230769231,4310.0,39.7,7207201912.769231,0.0663076923076923,86.6923076923077,0.02584615384615385,0.038461538461538464,75.3076923076923,69.23076923076923,0.36153846153846153,0.3710769230769231,0.5868461538461538,0.042,5533572.153846154,0.5622307692307692,245153846.15384614
138,0.051153846153846154,916.7272727272727,23.9,4057371398.6153846,0.07184615384615384,19.615384615384617,0.07984615384615384,0.0,54.61538461538461,54.46153846153846,0.0923076923076923,0.491,0.48353846153846153,0.025384615384615387,13833105.23076923,0.1696923076923077,48916666.666666664
139,0.04238461538461539,90228.54545454546,30.0,180815607491.92307,0.060000000000000005,57.76923076923077,0.09423076923076924,0.10769230769230768,49.69230769230769,48.84615384615385,0.26153846153846155,0.4371538461538461,0.5354615384615384,0.027307692307692307,144312883.84615386,0.39984615384615385,401461538.46153843
140,0.012461538461538461,44454.0,9.3,330626667773.53845,0.09707692307692307,6752.615384615385,0.003230769230769231,0.8,82.6923076923077,77.92307692307692,1.0,0.194,0.6566153846153846,0.1493846153846154,4703893.384615385,0.7794615384615385,4266153846.1538463
141,0.022230769230769228,34604.36363636364,22.9,40904111567.38461,0.027615384615384615,411.9230769230769,0.011153846153846153,0.21538461538461537,76.84615384615384,72.61538461538461,0.8153846153846154,0.3249230769230769,0.6503076923076924,0.02476923076923077,2587565.3846153845,0.7327692307692307,901230769.2307693
142,0.028,136080.0,22.8,134817530350.53847,0.031000000000000003,24.692307692307693,0.07907692307692307,0.08333333333333333,66.07692307692308,64.46153846153847,0.2846153846153846,0.37753846153846154,0.5809230769230769,0.04161538461538462,161256733.6153846,0.3516153846153846,827769230.7692307
143,0.02184615384615385,7073.363636363636,13.8,20568184615.384617,0.07676923076923077,434.7692307692308,0.018769230769230767,0.22307692307692312,79.07692307692308,73.53846153846153,0.8538461538461538,0.3043076923076923,0.6331538461538462,0.062384615384615386,3428407.6923076925,0.6396153846153846,1676769230.7692308
144,0.032230769230769236,3812.3636363636365,51.2,6719046895.692307,0.042923076923076925,45.0,0.05423076923076923,0.0,62.84615384615385,58.76923076923077,0.1,0.3964615384615385,0.577076923076923,0.026538461538461535,6257249.538461538,0.13092307692307692,4725000.0
145,0.025692307692307695,4133.363636363636,50.6,13395699260.692308,0.07153846153846154,165.3846153846154,0.023384615384615386,0.1,73.46153846153847,69.3076923076923,0.5846153846153845,0.3538461538461538,0.5975384615384616,0.048615384615384616,6015825.230769231,0.5746923076923077,145692307.69230768
146,0.02184615384615385,36777.0,62.4,99821700711.38461,0.04838461538461539,180.15384615384616,0.020692307692307694,0.21538461538461537,75.3076923076923,70.0,0.46923076923076923,0.3162307692307692,0.6286923076923077,0.05523076923076923,28006719.46153846,0.7537692307692307,1803538461.5384614
147,0.02692307692307692,73255.36363636363,43.1,138797289644.07693,0.037307692307692306,60.84615384615385,0.02723076923076923,0.12307692307692308,71.07692307692308,64.38461538461539,0.5615384615384615,0.3664615384615385,0.5985384615384615,0.035,87251139.3076923,0.4634615384615385,3146076923.076923
148,0.01,307516.1818181818,31.4,348960229744.8461,0.06415384615384614,598.6923076923077,0.0063076923076923076,0.3923076923076923,79.61538461538461,71.23076923076923,0.8615384615384615,0.16446153846153846,0.7035384615384614,0.13184615384615384,38237092.92307692,0.6131538461538462,8499000000.0
149,0.010153846153846154,60955.545454545456,24.6,192895320255.69232,0.09953846153846155,1843.3846153846155,0.0038461538461538464,0.38461538461538464,81.6923076923077,75.07692307692308,1.0538461538461539,0.15515384615384614,0.6716153846153846,0.17307692307692307,10488880.23076923,0.5812307692307692,10498846153.846153
150,0.012692307692307694,7856.454545454545,6.8,85432799640.23077,0.06076923076923077,219.3846153846154,0.020000000000000004,0.3230769230769231,82.07692307692308,74.07692307692308,0.5923076923076923,0.21776923076923077,0.6587692307692308,0.1233846153846154,3775094.846153846,0.9405384615384615,3044846153.8461537
151,0.014615384615384615,50421.09090909091,8.166666666666666,76384208148.15384,0.026,1433.923076923077,0.008769230769230769,0.34615384615384615,78.46153846153847,76.6923076923077,0.8692307692307693,0.20453846153846156,0.7823076923076923,0.013230769230769232,1137800.923076923,0.9768461538461538,1652111111.1111112
152,0.01023076923076923,92918.18181818182,13.9,118239048014.3077,0.05184615384615384,295.53846153846155,0.016923076923076923,0.23846153846153847,76.07692307692308,68.92307692307692,0.6923076923076923,0.15953846153846152,0.6952307692307692,0.1453846153846154,21084955.846153848,0.5336153846153846,1330538461.5384614
153,0.010923076923076923,1624128.4545454546,29.4,1024391610091.0769,0.056769230769230766,411.0,0.013846153846153845,0.22307692307692306,73.46153846153847,60.92307692307692,0.8846153846153846,0.15692307692307692,0.7105384615384616,0.13253846153846155,143582441.53846154,0.7352307692307692,10214846153.846153
154,0.03823076923076923,614.6363636363636,11.2,3651485366.6153846,0.0796923076923077,32.23076923076923,0.06638461538461539,0.03333333333333333,57.69230769230769,55.23076923076923,0.12307692307692308,0.4489230769230769,0.5258461538461539,0.02530769230769231,9825667.076923076,0.203,143000000.0
155,0.029,153.54545454545453,26.0,441259721.2307692,0.05723076923076923,142.46153846153845,0.01676923076923077,0.038461538461538464,74.53846153846153,68.15384615384616,0.1375,0.39315384615384613,0.5585384615384615,0.04846153846153846,181306.15384615384,0.20969230769230768,88153846.15384616
156,0.010222222222222223,7856.454545454545,40.0,1260151667.7777777,0.054,3263.846153846154,0.0036923076923076922,0.5,85.16666666666667,79.0,0.7538461538461539,0.30291626602564103,0.6446538461538462,0.05346153846153846,29628.846153846152,0.9396923076923076,657038461.5384614
157,0.03692307692307692,74.27272727272727,119.0,149631621.30769232,0.08761538461538462,77.0,0.04684615384615384,0.13076923076923078,66.6923076923077,63.0,0.29090909090909095,0.422,0.5394615384615385,0.038307692307692306,160904.76923076922,0.5864615384615385,8853846.153846154
158,0.02292307692307692,380120.54545454547,38.1,387212119753.9231,0.03807692307692308,526.8461538461538,0.01646153846153846,0.23846153846153847,75.92307692307692,72.38461538461539,0.9538461538461539,0.33715384615384614,0.6313846153846154,0.031384615384615386,24769329.923076924,0.8119230769230769,6497800000.0
159,0.03907692307692308,5222.090909090909,33.4,9749986261.923077,0.05061538461538462,41.15384615384615,0.055692307692307694,0.07692307692307693,62.46153846153846,59.38461538461539,0.3153846153846154,0.4413076923076923,0.5274615384615384,0.031461538461538464,11661816.538461538,0.414,359272727.27272725
160,0.009846153846153846,49997.4,25.5,28926521109.153847,0.09438461538461537,376.38461538461536,0.008,0.35555555555555557,75.84615384615384,70.76923076923077,1.0222222222222221,0.18046153846153848,0.6825384615384615,0.137,7391778.076923077,0.5455384615384615,680363636.3636364
161,0.018076923076923077,664.7272727272727,39.0,870981152.9230769,0.03969230769230769,387.9230769230769,0.012,0.2833333333333334,77.36363636363636,68.18181818181819,0.8692307692307693,0.24353846153846154,0.6796153846153845,0.07684615384615384,84894.92307692308,0.5136923076923077,155230769.23076922
162,0.04084615384615385,619.6363636363636,19.5,1976027891.6923077,0.15638461538461537,57.30769230769231,0.12515384615384614,0.0,42.76923076923077,42.0,0.16,0.4250769230769231,0.5500769230769231,0.024846153846153848,5165826.384615385,0.37161538461538457,35307692.307692304
163,0.010384615384615384,31121.18181818182,4.9,163498177732.69232,0.03638461538461538,1290.076923076923,0.0023076923076923075,0.6,82.61538461538461,77.92307692307692,1.1076923076923078,0.189,0.7270000000000001,0.08376923076923076,4559923.076923077,1.0,9066076923.076923
164,0.013,7856.454545454545,27.7,17065916293.76923,0.06076923076923077,219.3846153846154,0.020000000000000004,0.23925753476004732,77.33333333333333,72.33333333333333,0.5708465576569025,0.30291626602564103,0.6446538461538462,0.05346153846153846,36390.07692307692,1.0,628692307.6923077
165,0.010307692307692308,37855.454545454544,32.2,66883252078.76923,0.072,856.3846153846154,0.008076923076923077,0.5384615384615384,78.46153846153847,70.6923076923077,0.8230769230769232,0.1673076923076923,0.714,0.11884615384615384,5382589.692307692,0.5536153846153847,1668076923.0769231
166,0.009846153846153846,15657.818181818182,34.3,38077600825.07692,0.08546153846153846,1615.6153846153845,0.003461538461538461,0.4923076923076923,81.46153846153847,74.46153846153847,0.9153846153846155,0.14461538461538462,0.6984615384615385,0.15707692307692306,2016407.2307692308,0.5038461538461538,2078153846.1538463
167,0.034,184.0909090909091,49.9,540624686.3076923,0.06561538461538462,75.15384615384616,0.028153846153846154,0.02307692307692308,67.07692307692308,64.38461538461539,0.11538461538461539,0.4119230769230769,0.5575384615384615,0.030615384615384617,480742.53846153844,0.18307692307692308,31369230.769230768
168,0.046538461538461535,574.0909090909091,27.7,17065916293.76923,0.06076923076923077,219.3846153846154,0.10192307692307692,0.0,54.30769230769231,51.15384615384615,0.08461538461538462,0.4759230769230769,0.49515384615384617,0.02869230769230769,8725696.846153846,0.35630769230769227,657038461.5384614
169,0.022615384615384614,416425.54545454547,28.1,250212724359.92307,0.0853076923076923,430.6923076923077,0.04615384615384615,0.14615384615384616,55.07692307692308,51.92307692307692,0.7076923076923076,0.30815384615384617,0.647,0.045,48269324.615384616,0.6006923076923076,7898307692.307693
170,0.039384615384615386,7856.454545454545,17.0,15472449530.6,0.0216,31.0,0.08492307692307693,0.23925753476004732,52.69230769230769,50.53846153846154,0.2,0.4369230769230769,0.5305384615384615,0.032538461538461544,8530449.76923077,0.17315384615384616,657038461.5384614
171,0.010461538461538463,319658.45454545453,56.6,1140165053138.4614,0.08484615384615385,2253.846153846154,0.004538461538461539,0.47692307692307695,84.0,77.6923076923077,0.9615384615384616,0.14707692307692308,0.6835384615384617,0.1696923076923077,44095038.615384616,0.7750769230769231,53196615384.61539
172,0.018615384615384614,11573.727272727272,40.4,32666934067.53846,0.03661538461538461,57.23076923076923,0.01123076923076923,0.05384615384615385,76.6923076923077,70.0,0.38461538461538464,0.2557692307692308,0.6724615384615386,0.07176923076923078,19806615.384615384,0.18361538461538462,833538461.5384616
173,0.017,218.9090909090909,19.0,596583720.3846154,0.04384615384615384,538.1538461538462,0.010461538461538463,0.4461538461538461,74.0,69.0,0.9153846153846155,0.30291626602564103,0.6446538461538462,0.05346153846153846,49690.769230769234,0.3209230769230769,92615384.61538461
174,0.017384615384615384,367.0,17.25,1010609467.2307693,0.06907692307692308,407.3076923076923,0.014384615384615385,0.25384615384615383,75.53846153846153,71.0,0.6923076923076923,0.2796153846153846,0.6426923076923077,0.07784615384615384,168440.61538461538,0.2246153846153846,298615384.61538464
175,0.017076923076923076,7856.454545454545,27.7,17065916293.76923,0.06076923076923077,219.3846153846154,0.020000000000000004,0.23925753476004732,81.38461538461539,74.92307692307692,0.5708465576569025,0.30291626602564103,0.6446538461538462,0.05346153846153846,28824.846153846152,0.5629525765496639,657038461.5384614
176,0.018076923076923077,193.45454545454547,11.125,581994421.0,0.042230769230769225,231.6153846153846,0.018846153846153846,0.2,73.6923076923077,69.23076923076923,0.7538461538461539,0.28284615384615386,0.6473076923076924,0.06976923076923078,108777.38461538461,0.4734615384615385,94692307.6923077
177,0.03692307692307692,10549.727272727272,37.666666666666664,37645649906.84615,0.05307692307692307,66.0,0.060384615384615384,0.07,61.92307692307692,58.46153846153846,0.21538461538461537,0.42838461538461536,0.540923076923077,0.030692307692307692,32421289.153846152,0.32846153846153847,200538461.53846154
178,0.02,2339.6363636363635,694.0,2615179754.3846154,0.06638461538461539,316.0,0.025384615384615387,0.13846153846153847,72.6923076923077,66.07692307692308,0.6846153846153846,0.295,0.6434615384615385,0.06153846153846154,503099.1538461539,0.664923076923077,61769230.76923077
179,0.031461538461538464,1069.6363636363637,58.5,2708451434.230769,0.06907692307692308,168.15384615384616,0.07376923076923078,0.05384615384615385,47.23076923076923,47.30769230769231,0.3153846153846154,0.41192307692307695,0.5559999999999999,0.03184615384615385,1132701.3076923077,0.2196153846153846,48909090.90909091
180,0.011384615384615384,51109.72727272727,16.0,388422858697.2308,0.09176923076923077,3920.4615384615386,0.002846153846153846,0.7923076923076924,82.92307692307692,78.6923076923077,1.0307692307692309,0.17300000000000001,0.6504615384615384,0.17653846153846153,9135986.23076923,0.8456153846153847,9099000000.0
181,0.010076923076923077,40486.0,18.2,432886628833.61536,0.1066923076923077,6135.615384615385,0.004230769230769231,0.7384615384615384,83.92307692307692,79.07692307692308,1.0,0.16053846153846155,0.678,0.1616153846153846,7540409.461538462,0.7351538461538462,13902307692.307692
182,0.02692307692307692,54329.36363636364,28.5,26439983632.125,0.04084615384615385,76.3076923076923,0.015692307692307693,0.09230769230769233,76.6923076923077,72.46153846153847,0.26153846153846155,0.37946153846153846,0.5853076923076923,0.03530769230769231,19142022.53846154,0.5417692307692308,2395181818.181818
183,0.03076923076923077,2559.2727272727275,49.625,3507195698.230769,0.051153846153846154,25.923076923076923,0.054615384615384614,0.04615384615384616,69.46153846153847,62.38461538461539,0.3230769230769231,0.38369230769230767,0.581076923076923,0.035153846153846154,7009089.538461538,0.26476923076923076,21218181.818181816
184,0.041461538461538466,5007.818181818182,26.7,16790740516.615385,0.050923076923076925,22.0,0.055692307692307694,0.0,55.92307692307692,54.23076923076923,0.22307692307692306,0.4473846153846154,0.5223846153846154,0.03023076923076923,40326106.692307696,0.256,988461538.4615384
185,0.012384615384615385,245845.18181818182,32.0,220490085413.53845,0.03684615384615385,126.46153846153847,0.015000000000000001,0.16153846153846155,76.15384615384616,69.23076923076923,0.6538461538461539,0.21515384615384617,0.7054615384615384,0.07953846153846154,65271748.23076923,0.38907692307692304,18256615384.615383
186,0.038153846153846156,177.11111111111111,140.22222222222223,656692307.6923077,0.06869230769230769,36.61538461538461,0.06361538461538462,0.0,65.15384615384616,62.07692307692308,0.21000000000000002,0.4817692307692308,0.4903076923076923,0.028076923076923076,995321.6923076923,0.27176923076923076,21714285.714285713
187,0.03807692307692308,1362.2727272727273,67.3,2440349250.769231,0.06484615384615385,27.0,0.06692307692307692,0.0,55.38461538461539,53.76923076923077,0.19230769230769232,0.428076923076923,0.5441538461538462,0.02776923076923077,5711655.230769231,0.35669230769230775,36545454.54545455
188,0.028076923076923076,158.0,26.7,290571926.2307692,0.05407692307692307,154.84615384615384,0.013076923076923076,0.0923076923076923,74.23076923076923,69.07692307692308,0.3,0.3789230769230769,0.562,0.059000000000000004,101578.61538461539,0.23215384615384618,12530000.0
189,0.015000000000000001,34882.90909090909,42.25,17065916293.76923,0.049692307692307695,651.8461538461538,0.02292307692307692,0.3384615384615385,72.92307692307692,65.53846153846153,0.8769230769230768,0.22115384615384615,0.7036153846153846,0.07515384615384615,1303102.3846153845,0.09746153846153846,521250000.0
190,0.017615384615384616,22826.909090909092,11.0,34958008038.61539,0.058692307692307696,206.3846153846154,0.019153846153846153,0.19230769230769232,75.92307692307692,71.92307692307692,0.6076923076923078,0.2569230769230769,0.6763846153846154,0.06676923076923078,10149392.307692308,0.6510769230769231,2752307692.3076925
191,0.019076923076923078,245909.0,9.2,514691611824.61536,0.058,430.46153846153845,0.024923076923076923,0.23846153846153847,76.23076923076923,69.23076923076923,0.6692307692307692,0.28215384615384614,0.6513076923076924,0.06676923076923078,68595752.6923077,0.6834615384615385,20130076923.076923
192,0.02253846153846154,45659.181818181816,27.7,13907299798.76923,0.02769230769230769,91.84615384615384,0.057,0.015384615384615385,68.6923076923077,60.53846153846154,0.26153846153846155,0.32069230769230767,0.6358461538461538,0.043461538461538454,4817233.384615385,0.4736153846153846,657038461.5384614
193,0.022505107163602312,112.45454545454545,27.7,17065916293.76923,0.06076923076923077,219.3846153846154,0.020000000000000004,0.23925753476004732,75.3076923076923,69.0,0.5708465576569025,0.30291626602564103,0.6446538461538462,0.05346153846153846,26680.23076923077,0.8813076923076923,296000000.0
194,0.04623076923076923,2432.909090909091,29.8,11104514753.76923,0.08430769230769232,30.76923076923077,0.06569230769230769,0.038461538461538464,54.0,53.15384615384615,0.16923076923076924,0.4914615384615385,0.4834615384615385,0.02523076923076923,29938600.46153846,0.13407692307692307,478692307.6923077
195,0.00976923076923077,321319.0909090909,29.5,102842962856.15384,0.06723076923076923,153.6153846153846,0.012307692307692308,0.1,74.53846153846153,63.46153846153846,0.7230769230769231,0.1493846153846154,0.697076923076923,0.1533846153846154,47016201.0,0.6799999999999999,3576846153.8461537
196,0.016,126120.63636363637,16.3,218489930313.07693,0.02676923076923077,1112.3076923076924,0.008307692307692308,0.5,76.76923076923077,74.76923076923077,1.0923076923076922,0.18876923076923077,0.8043076923076923,0.006692307692307692,5563188.0,0.8258461538461539,3998090909.090909
197,0.012307692307692308,528292.2727272727,12.6,2190204827909.1538,0.08476923076923078,3058.6923076923076,0.004923076923076923,0.6923076923076923,81.53846153846153,77.3076923076923,1.0538461538461539,0.18,0.658,0.16199999999999998,61030220.92307692,0.801923076923077,38518769230.76923
198,0.013769230769230768,5657526.090909091,5.5,13307146153846.154,0.16115384615384615,6967.384615384615,0.006692307692307693,0.6538461538461539,80.23076923076923,75.15384615384616,0.7153846153846154,0.20415384615384616,0.6693846153846154,0.12638461538461537,298341965.15384614,0.800923076923077,140800769230.76923
199,0.015384615384615385,6046.818181818182,41.0,26181771304.153847,0.09184615384615384,703.9230769230769,0.012153846153846154,0.2923076923076923,79.46153846153847,72.3076923076923,0.7076923076923076,0.23438461538461539,0.6297692307692307,0.13584615384615384,3344472.4615384615,0.9349999999999999,1094692307.6923077
200,0.021615384615384616,117940.36363636363,20.2,23634538946.23077,0.05369230769230769,47.30769230769231,0.045307692307692306,0.10769230769230768,70.84615384615384,64.3076923076923,0.29230769230769227,0.327,0.628,0.04507692307692308,26814496.153846152,0.36638461538461536,64909090.90909091
201,0.029153846153846155,83.0,43.8,486308777.0,0.037,82.23076923076923,0.01730769230769231,0.06153846153846154,71.53846153846153,67.6923076923077,0.23846153846153845,0.3943846153846154,0.570076923076923,0.03553846153846154,215152.3076923077,0.23415384615384616,147230769.23076922
202,0.021846153846153845,180155.72727272726,141.3,217305022185.23077,0.054769230769230764,415.46153846153845,0.015461538461538462,0.2,76.46153846153847,70.61538461538461,0.6538461538461539,0.31053846153846154,0.6376923076923078,0.05161538461538462,27188070.692307692,0.8856923076923077,750307692.3076923
203,0.016769230769230772,98764.27272727272,43.2,77913539218.46153,0.06076923076923077,51.69230769230769,0.023153846153846153,0.16923076923076924,79.53846153846153,70.07692307692308,0.5461538461538461,0.26615384615384613,0.6685384615384616,0.06538461538461539,83255153.84615384,0.2794615384615385,3597000000.0
204,0.013,7856.454545454545,27.7,17065916293.76923,0.06076923076923077,219.3846153846154,0.020000000000000004,0.29230769230769227,81.76923076923077,75.53846153846153,0.48333333333333334,0.22476923076923078,0.661,0.1143076923076923,107336.76923076923,0.9383076923076923,1259090909.090909
205,0.034923076923076925,19319.090909090908,41.3,20652606936.846153,0.04830769230769231,49.0,0.054769230769230764,0.05384615384615385,63.07692307692308,60.38461538461539,0.21538461538461537,0.4480769230769231,0.5247692307692308,0.02723076923076923,20664150.153846152,0.29515384615384616,461307692.3076923
206,0.04392307692307692,2046.3636363636363,26.2,10250460673.153847,0.06384615384615384,52.46153846153846,0.0756923076923077,0.038461538461538464,49.69230769230769,48.07692307692308,0.2076923076923077,0.46576923076923077,0.5072307692307693,0.026846153846153846,11902030.923076924,0.3707692307692308,108384615.38461539
207,0.032,10598.09090909091,94.9,7176303263.384615,0.06076923076923077,219.3846153846154,0.05823076923076923,0.09230769230769233,47.46153846153846,47.61538461538461,0.22307692307692306,0.41438461538461535,0.5483846153846155,0.037307692307692306,12854272.0,0.33776923076923077,323307692.3076923
